<data><item id="language_code"><t>eu</t></item>
<item id="language_name"><t>EUSKARA</t></item>
<item id="language_author"><t>Ibai Oihanguren Sala</t></item>
<item id="wrap_hyphen"><t>-</t></item>
<item id="created_by"><t>Egilea: Lucas Pope</t></item>
<item id="papers_please"><t>Paperak, mesedez.</t></item>
<item id="protocol_violated"><t>Protokoloa urratuta.</t></item>
<item id="unauth_confiscation"><t>Pasaportea baimen gabe konfiskatu da</t></item>
<item id="missing_reason"><t>Ez da ukatzeko kausa zehaztu</t></item>
<item id="citation_warning"><t>ABISUA EMANA - ZIGORRIK EZ</t></item>
<item id="citation_lastwarning"><t>AZKEN ABISUA - ZIGORRIK EZ</t></item>
<item id="citation_penalty"><t>ZIGORRA EZARRIA - $0 KREDITU</t></item>
<item id="border_next"><t>HURRENGOA!</t></item>
<item id="border_bomber"><t>KOLECHIAGATIK!</t></item>
<item id="border_comeback"><t>ITZULI BIHAR GOIZEKO 6ETAN</t></item>
<item id="border_announce0"><t>SARRERA EZ DAGO BERMATURIK</t></item>
<item id="border_announce1"><t>IZAN GERTU ZUEN DOKUMENTUAK</t></item>
<item id="border_announce2"><t>ONGI ETORRI ARSTOTZKARA</t></item>
<item id="border_guardout"><t>IRTEN!</t></item>
<item id="border_elisa"><t>ELISA!</t></item>
<item id="family_son_budget"><t>SEMEA</t></item>
<item id="family_wife_budget"><t>EMAZTEA</t></item>
<item id="family_niece_budget"><t>ILOBA</t></item>
<item id="family_uncle_budget"><t>OSABA</t></item>
<item id="family_mil_budget"><t>AMAG.</t></item>
<item id="family_son_status"><t>Semea</t></item>
<item id="family_wife_status"><t>Emaztea</t></item>
<item id="family_niece_status"><t>Iloba</t></item>
<item id="family_uncle_status"><t>Osaba</t></item>
<item id="family_mil_status"><t>Amaginarreba</t></item>
<item id="family_son_message"><t>semea</t></item>
<item id="family_wife_message"><t>emaztea</t></item>
<item id="family_niece_message"><t>iloba</t></item>
<item id="family_uncle_message"><t>osaba</t></item>
<item id="family_mil_message"><t>amaginarreba</t></item>
<item id="night_endof"><t>GAUA</t></item>
<item id="night_day"><t>$0. EGUNA</t></item>
<item id="family_verysick_1"><t>Zure $0 hil egingo da sendagairik gabe.</t></item>
<item id="family_verysick_many"><t>Oso gaixo dauden senideak hil egingo dira sendagairik gabe.</t></item>
<item id="family_sick_1"><t>Zure $0 gaixo dago eta sendagaiak behar ditu.</t></item>
<item id="family_sick_many"><t>Zure familiak sendagaiak behar ditu.</t></item>
<item id="family_died_1"><t>Zure $0 hil da.</t></item>
<item id="family_died_2"><t>Zure $0 eta $1 hil dira.</t></item>
<item id="family_died_3"><t>Zure $0, $1, eta $2 hil dira.</t></item>
<item id="family_died_4"><t>Zure $0, $1, $2, eta $3 hil dira.</t></item>
<item id="family_died_5"><t>Zure $0, $1, $2, $3, eta $4 hil dira.</t></item>
<item id="family_escape_with_0"><t>Dena atzean utzi duzu.</t></item>
<item id="family_escape_with_1"><t>Obristanera zoaz $0 zurekin hartuta.</t></item>
<item id="family_escape_with_2"><t>Obristanera zoaz $0 eta $1 zurekin hartuta.</t></item>
<item id="family_escape_with_3"><t>Obristanera zoaz $0, $1 eta $2 zurekin hartuta.</t></item>
<item id="family_escape_with_4"><t>Obristanera zoaz $0, $1, $2 eta $3 zurekin hartuta.</t></item>
<item id="family_escape_with_5"><t>Obristanera zoaz $0, $1, $2, $3 eta $4 zurekin hartuta.</t></item>
<item id="family_escape_without_1"><t>Zure $0 Nirskera itzultzeko prest dago.</t></item>
<item id="family_escape_without_2"><t>Zure $0 eta $1 Nirskera itzultzeko prest daude.</t></item>
<item id="family_escape_without_3"><t>Zure $0, $1 eta $2 Nirskera itzultzeko prest daude.</t></item>
<item id="family_escape_without_4"><t>Zure $0, $1, $2 eta $3 Nirskera itzultzeko prest daude.</t></item>
<item id="family_escape_without_5"><t>Zure $0, $1, $2, $3 eta $4 Nirskera itzultzeko prest daude.</t></item>
<item id="family_flee_final_0"><t>Obristan Ororen Gainetik</t></item>
<item id="family_flee_final_1"><t>Ez dakizu zure $0 onik dagoen.</t></item>
<item id="family_flee_final_2"><t>Ez dakizu zure $0 eta $1 onik dauden.</t></item>
<item id="family_flee_final_3"><t>Ez dakizu zure $0, $1 eta $2 onik dauden.</t></item>
<item id="family_flee_final_4"><t>Ez dakizu zure $0, $1, $2 eta $3 onik dauden.</t></item>
<item id="family_flee_final_5"><t>Ez dakizu zure $0, $1, $2, $3 eta $4 onik dauden.</t></item>
<item id="budget_savings"><t>AURREZTUA</t></item>
<item id="budget_salary"><t>SOLDATA ($0)</t></item>
<item id="budget_penalties"><t>ZIGORRAK ($0)</t></item>
<item id="budget_bribes"><t>EROSKERIA</t></item>
<item id="budget_rent"><t>ERRENTA</t></item>
<item id="budget_food"><t>JATEKOA</t></item>
<item id="budget_heat"><t>BEROGAILUA</t></item>
<item id="budget_medicine"><t>SENDAGAIAK ($0)</t></item>
<item id="budget_sleep"><t>LO EGIN</t></item>
<item id="budget_escape"><t>IHES EGIN</t></item>
<item id="menu_back"><t>ITZULI</t></item>
<item id="confirm_ok"><t>ADOS</t></item>
<item id="confirm_cancel"><t>UTZI</t></item>
<item id="menu_mainmenu"><t>MENU NAGUSIA</t></item>
<item id="menu_resume"><t>JARRAITU</t></item>
<item id="menu_quit"><t>IRTEN</t></item>
<item id="menu_done"><t>EGINDA</t></item>
<item id="menu_story"><t>ISTORIOA</t></item>
<item id="menu_endless"><t>AMAIGABEA</t></item>
<item id="menu_play"><t>JOLASTU</t></item>
<item id="menu_fullscreen"><t>Pantaila osoan</t></item>
<item id="menu_nudity"><t>Biluziak</t></item>
<item id="menu_easy"><t>Modu erraza</t></item>
<item id="menu_music"><t>Musika</t></item>
<item id="menu_sound"><t>Soinua</t></item>
<item id="menu_dateformat"><t>Data formatua</t></item>
<item id="menu_language"><t>Hizkuntza</t></item>
<item id="menu_easytip"><t>+ 20 kreditu eguneko</t></item>
<item id="menu_stats"><t>ESTATISTIKAK</t></item>
<item id="menu_next"><t>HURRENGOA</t></item>
<item id="menu_walktowork"><t>JOAN LANERA</t></item>
<item id="menu_paused"><t>PAUSATUTA</t></item>
<item id="menu_settings"><t>EZARPENAK</t></item>
<item id="menu_credits"><t>KREDITUAK</t></item>
<item id="menu_checkforupdates"><t>BILATU EGUNERATZEAK</t></item>
<item id="stats_text"><t>Jolastutako denbora: $time
$processed bidaiari prozesatuta
$approved onartuta
$denied baztertuta
$detained atxilotuta
$citations zitazio jasota
$stamps zigilu ezarrita
Amaiera: $endnum / $endtotal</t></item>
<item id="steam_noinit"><t>STEAM KONEXIOAK HUTS EGIN DU

Arazoa ez bada konpontzen, berrinstalatu Steam bezeroa.</t></item>
<item id="steam_restartfailed"><t>HUTS EGIN DU STEAM BERRABIARAZTEAK

Arazoa ez bada konpontzen, berrinstalatu Steam bezeroa.</t></item>
<item id="steam_noconnect"><t>STEAM KONEXIOAK HUTS EGIN DU

Jokoa berrabiarazten saiatuko da Steam bezeroaren bidez.</t></item>
<item id="steam_restart"><t>BERRABIARAZI</t></item>
<item id="load_title"><t>Hautatu eguna jarraitzeko, edo hasi jokaldi berria</t></item>
<item id="load_confirm_delete_single"><t>Ezabatu $0 eguneko gordetako jokaldia?

Ezin da desegin.</t></item>
<item id="load_confirm_delete_multi"><t>Ezabatu $0 egunetik $1 egunera doan gordetako adarra?

Ezin da desegin.</t></item>
<item id="load_delete"><t>EZABATU</t></item>
<item id="load_confirm_full"><t>Gordetzeko pistak beteta.

Jarraitu eskumako ertzean dagoen gordetako partida batetik edo ezabatu gordetako adar bat pista bat husteko.</t></item>
<item id="load_summary"><t>$day. eguna
"$news"

$savings kreditu, $family senide zurekin,
$tokens token, $apt apartamentua</t></item>
<item id="load_continue"><t>JARRAITU</t></item>
<item id="emotion_happy"><t>POZIK</t></item>
<item id="emotion_ok"><t>ONGI</t></item>
<item id="emotion_sad"><t>GOIBEL</t></item>
<item id="emotion_cold"><t>HOTZEZ</t></item>
<item id="emotion_sick"><t>GAIXO</t></item>
<item id="emotion_verysick"><t>OSO GAIXO</t></item>
<item id="emotion_dead"><t>HILDA</t></item>
<item id="emotion_hungry"><t>GOSEZ</t></item>
<item id="load_latest"><t>AZKENA</t></item>
<item id="entry_approved"><t>SARRERA ONARTUA</t></item>
<item id="entry_denied"><t>SARRERA UKATUA</t></item>
<item id="stamp_approved"><t>ONARTUTA</t></item>
<item id="stamp_denied"><t>UKATUTA</t></item>
<item id="stamp_reason"><t>KAUSA</t></item>
<item id="booth_dragdocs"><t>EKARRI DOKUMENTUAK HONA</t></item>
<item id="booth_highlight"><t>NABARMENDU DISKREPANTZIAK</t></item>
<item id="booth_discrepancy"><t>DISKREPANTZIA
DETEKTATU DA</t></item>
<item id="booth_interrogate"><t>GALDEKATU</t></item>
<item id="booth_matching"><t>DATUA
BAT DATOR</t></item>
<item id="booth_nocorrelation"><t>KORRELAZIORIK
EZ</t></item>
<item id="booth_cleared"><t>DISKREPANTZIA
ARGITUA</t></item>
<item id="env_clearforentry"><t>Eskatzaileak ez du sartzeko arazorik</t></item>
<item id="env_lettermale"><t>G</t></item>
<item id="env_letterfemale"><t>E</t></item>
<item id="env_noalias"><t>Alias ezagunik ez</t></item>
<item id="env_typochars"><t>aeiou,iuy,pgq,lj,ck,bh</t></item>
<item id="endless_complete"><t>$style
$course

$time
$score puntu</t></item>
<item id="endless_ranked"><t>$0. postuan</t></item>
<item id="endless_unlock"><t>Modu amaigabea desblokeatzeko burutu istorio modua lana galdu gabe</t></item>
<item id="endless_wrongcode"><t>E R R O R</t></item>
<item id="date_verbose"><t>$year(e)ko $monthren $day</t></item>
<item id="month_1"><t>urtarrila</t></item>
<item id="month_2"><t>otsaila</t></item>
<item id="month_3"><t>martxoa</t></item>
<item id="month_4"><t>apirila</t></item>
<item id="month_5"><t>maiatza</t></item>
<item id="month_6"><t>ekaina</t></item>
<item id="month_7"><t>uztaila</t></item>
<item id="month_8"><t>abuztua</t></item>
<item id="month_9"><t>iraila</t></item>
<item id="month_10"><t>urria</t></item>
<item id="month_11"><t>azaroa</t></item>
<item id="month_12"><t>abendua</t></item>
<item id="day_1"><t>1a</t></item>
<item id="day_2"><t>2a</t></item>
<item id="day_3"><t>3a</t></item>
<item id="day_4"><t>4a</t></item>
<item id="day_5"><t>5a</t></item>
<item id="day_6"><t>6a</t></item>
<item id="day_7"><t>7a</t></item>
<item id="day_8"><t>8a</t></item>
<item id="day_9"><t>9a</t></item>
<item id="day_10"><t>10a</t></item>
<item id="day_11"><t>11</t></item>
<item id="day_12"><t>12a</t></item>
<item id="day_13"><t>13a</t></item>
<item id="day_14"><t>14a</t></item>
<item id="day_15"><t>15a</t></item>
<item id="day_16"><t>16a</t></item>
<item id="day_17"><t>17a</t></item>
<item id="day_18"><t>18a</t></item>
<item id="day_19"><t>19a</t></item>
<item id="day_20"><t>20a</t></item>
<item id="day_21"><t>21a</t></item>
<item id="day_22"><t>22a</t></item>
<item id="day_23"><t>23a</t></item>
<item id="day_24"><t>24a</t></item>
<item id="day_25"><t>25a</t></item>
<item id="day_26"><t>26a</t></item>
<item id="day_27"><t>27a</t></item>
<item id="day_28"><t>28a</t></item>
<item id="day_29"><t>29a</t></item>
<item id="day_30"><t>30a</t></item>
<item id="day_31"><t>31</t></item>
<item id="bulletin_default"><t>Arstotzka
Onarpen Ministerioa
Buletin ofiziala

Ikuskatzaile jaun/andrea,

$content

Aintza Arstotzkari.</t></item>
<item id="bulletin_notice"><t>Arstotzka
Onarpen Ministerioa
Buletin ofiziala

OHARRA:

$content

Aintza Arstotzkari.</t></item>
<item id="bulletin_endless"><t>Arstotzka
Onarpen Ministerioa
Buletin ofiziala

$style

$course

Aintza Arstotzkari.</t></item>
</data>
